Name,FA_Season,ProjYears,ProjAAV,ProjTotal,Years,AAV,Total
Gerrit Cole,2020,6,48764569.638026826,292587417.82816094,9,36000000,324000000
Max Scherzer,2015,7,31794233.146496356,222559632.0254745,7,30000000,210000000
Zack Wheeler,2020,5,35781888.30882964,178909441.5441482,5,23600000,118000000
Patrick Corbin,2019,6,27055417.364575826,162332504.18745494,6,23333333,139999998
David Price,2016,7,23182966.08912332,162280762.62386325,7,31000000,217000000
Kevin Gausman,2022,5,30055954.33026283,150279771.65131414,5,22000000,110000000
Jon Lester,2015,6,25017719.984622337,150106319.90773404,6,25833333,154999998
Johnny Cueto,2016,6,22608923.08501969,135653538.51011813,6,21666666,129999996
Zack Greinke,2016,5,25451525.462141983,127257627.31070992,6,34416666,206499996
Clayton Kershaw,2019,5,25120826.321779765,125604131.60889882,3,31000000,93000000
Kenley Jansen,2017,6,18760818.39260229,112564910.35561374,5,16000000,80000000
Carlos Rodon,2022,5,20789822.29648572,103949111.4824286,2,22000000,44000000
Marcus Stroman,2022,4,24574950.901549153,98299803.60619661,3,23666667,71000001
Jordan Zimmermann,2016,4,24548124.35716637,98192497.42866547,5,22000000,110000000
Eduardo Rodriguez,2022,4,24321381.07196598,97285524.28786393,5,15400000,77000000
Liam Hendriks,2021,3,25266446.26148116,75799338.78444347,3,18000000,54000000
Hyun-Jin Ryu,2020,3,24780671.20058515,74342013.60175544,4,20000000,80000000
Aroldis Chapman,2017,4,18262216.88435552,73048867.53742208,5,17200000,86000000
Stephen Strasburg,2020,3,23552559.771968026,70657679.31590408,7,35000000,245000000
Jeff Samardzija,2016,4,17498525.229862228,69994100.91944891,5,18000000,90000000
Marcus Stroman,2021,4,17067093.86465673,68268375.45862693,1,18900000,18900000
Lance Lynn,2019,4,15722315.659600325,62889262.6384013,3,10000000,30000000
Charlie Morton,2019,3,20920307.50355805,62760922.51067415,2,15000000,30000000
Trevor Bauer,2021,3,20084717.0157529,60254151.047258705,3,34000000,102000000
Jake Odorizzi,2020,3,18821821.291577093,56465463.87473128,1,17800000,17800000
Max Scherzer,2022,2,26783379.08595278,53566758.17190556,3,43333333,129999999
Yu Darvish,2018,3,17688612.683070235,53065838.049210705,6,21000000,126000000
James Shields,2015,3,17187319.865113094,51561959.59533928,4,18750000,75000000
Jake Arrieta,2018,3,16669317.68622129,50007953.058663875,3,25000000,75000000
Dallas Keuchel,2019,3,15389367.181100572,46168101.54330172,1,13000000,13000000
Noah Syndergaard,2022,3,14777506.049461417,44332518.14838425,1,21000000,21000000
Scott Kazmir,2016,3,14302814.675324405,42908444.025973216,3,16000000,48000000
Ervin Santana,2015,3,14281779.305282963,42845337.91584889,4,13750000,55000000
Kevin Gausman,2021,4,10178142.850693518,40712571.40277407,1,18900000,18900000
Jake Odorizzi,2021,3,13565377.025063712,40696131.07519114,3,7833333,23499999
Wei-Yin Chen,2016,3,13342620.75609148,40027862.26827444,5,16000000,80000000
Lance Lynn,2018,3,12897619.509353831,38692858.528061494,1,12000000,12000000
Francisco Liriano,2015,3,12720089.704714889,38160269.11414467,3,13000000,39000000
Rick Porcello,2020,3,12441939.90406831,37325819.71220493,1,10000000,10000000
Charlie Morton,2021,2,18572134.16140085,37144268.3228017,1,15000000,15000000
Jhoulys Chacin,2018,3,12351738.359752083,37055215.07925625,2,7750000,15500000
Clayton Kershaw,2022,2,17588791.686537758,35177583.373075515,1,17000000,17000000
Jeremy Hellickson,2017,3,11227641.89230376,33682925.67691128,1,17200000,17200000
Phil Hughes,2014,4,8127950.346721182,32511801.386884727,3,8000000,24000000
Scott Feldman,2014,3,10762746.64567711,32288239.93703133,3,10000000,30000000
Ricky Nolasco,2014,3,10448065.109672377,31344195.329017133,4,12250000,49000000
Mike Leake,2016,3,10385091.256250424,31155273.76875127,5,16000000,80000000
Tyler Anderson,2022,3,9918422.470255816,29755267.41076745,1,8000000,8000000
Mike Minor,2021,2,14317770.426130896,28635540.852261793,2,9000000,18000000
Jason Vargas,2014,3,9159423.234293794,27478269.70288138,4,8000000,32000000
Bartolo Colon,2016,2,13255065.33305431,26510130.66610862,1,7250000,7250000
Justin Verlander,2022,1,26383249.511700008,26383249.511700008,1,25000000,25000000
Anthony DeSclafani,2021,3,8619170.183491888,25857510.550475664,1,6000000,6000000
John Lackey,2016,2,12663744.696800068,25327489.393600136,2,16000000,32000000
Hyun-Jin Ryu,2019,3,8438787.250898547,25316361.752695642,1,17900000,17900000
Kyle Gibson,2020,2,12595041.273906428,25190082.547812857,3,9333333,27999999
Matt Garza,2014,3,8374272.637520276,25122817.912560828,4,12500000,50000000
A.J. Burnett,2014,2,12333868.192106435,24667736.38421287,2,15000000,30000000
Robbie Ray,2022,2,12270928.232793065,24541856.46558613,5,23000000,115000000
Dallas Keuchel,2020,2,12148336.315240366,24296672.630480733,3,18500000,55500000
Craig Kimbrel,2019,2,11704764.232815566,23409528.46563113,3,14333333,42999999
A.J. Burnett,2015,2,11538656.228958514,23077312.457917027,1,8500000,8500000
Bartolo Colon,2014,2,11517147.610445864,23034295.22089173,2,10000000,20000000
J.A. Happ,2016,2,11185700.15237413,22371400.30474826,3,12000000,36000000
Andrew Miller,2015,3,7380429.68311403,22141289.049342092,4,9000000,36000000
David Robertson,2015,3,7347881.440578954,22043644.321736865,4,11500000,46000000
Ubaldo Jimenez,2014,2,10937865.47492015,21875730.9498403,4,12500000,50000000
Raisel Iglesias,2022,2,10929370.070043758,21858740.140087515,4,14500000,58000000
Yovani Gallardo,2016,2,10849097.457329148,21698194.914658297,2,11000000,22000000
Madison Bumgarner,2020,2,10726065.39637628,21452130.79275256,5,17000000,85000000
Mike Minor,2018,3,7080637.2939239405,21241911.88177182,3,9333333,27999999
Robbie Ray,2021,3,7073782.389166756,21221347.167500265,1,8000000,8000000
Michael Pineda,2020,2,10255501.69290949,20511003.38581898,2,10000000,20000000
Edinson Volquez,2017,2,10114803.6655369,20229607.3310738,2,11000000,22000000
Ian Kennedy,2016,2,9930318.21194926,19860636.42389852,5,14000000,70000000
Jose Quintana,2021,2,9925568.013321156,19851136.02664231,1,8000000,8000000
Scott Kazmir,2014,3,6577227.804114993,19731683.412344977,2,11000000,22000000
Jon Gray,2022,2,9747769.156500692,19495538.313001383,4,14000000,56000000
Alex Cobb,2022,2,9559975.53603132,19119951.07206264,2,10000000,20000000
Joakim Soria,2019,2,9460680.601434154,18921361.20286831,2,7500000,15000000
Jason Hammel,2017,2,9286712.72414372,18573425.44828744,2,8000000,16000000
Hisashi Iwakuma,2016,2,9285298.005557142,18570596.011114284,1,12000000,12000000
Brad Hand,2021,2,9166311.24705854,18332622.49411708,1,10500000,10500000
James Paxton,2021,2,9086056.556451429,18172113.112902857,1,8500000,8500000
Koji Uehara,2015,2,8964492.732148487,17928985.464296974,2,9000000,18000000
Ivan Nova,2017,2,8822082.63384146,17644165.26768292,3,8666666,25999998
Dan Haren,2014,2,8820533.41642266,17641066.83284532,1,10000000,10000000
Jason Hammel,2014,2,8807151.022645816,17614302.045291632,1,6000000,6000000
Edinson Volquez,2014,2,8780440.19594154,17560880.39188308,1,5000000,5000000
Andrew Cashner,2018,2,8715675.385213887,17431350.770427775,2,8000000,16000000
Alex Wood,2022,2,8653111.568619417,17306223.137238834,2,12500000,25000000
Dylan Bundy,2022,2,8642610.776675083,17285221.553350165,1,5000000,5000000
Kirby Yates,2022,2,8442467.201410765,16884934.40282153,2,4125000,8250000
Tyler Chatwood,2018,2,8415437.82396299,16830875.64792598,3,12666666,37999998
Addison Reed,2018,2,8318363.043089317,16636726.086178634,2,8375000,16750000
Mat Latos,2016,2,8158924.916038389,16317849.832076779,1,3000000,3000000
Martin Perez,2021,2,7934605.907913752,15869211.815827504,1,5000000,5000000
Will Smith,2020,2,7929886.033038507,15859772.066077014,3,13333333,39999999
Andrew Cashner,2017,3,5209622.912970652,15628868.738911957,1,10000000,10000000
Brandon McCarthy,2015,2,7621573.8559086975,15243147.711817395,4,12000000,48000000
Zack Greinke,2022,2,7606816.568244723,15213633.136489445,1,13000000,13000000
Nathan Eovaldi,2019,2,7593696.7301460495,15187393.460292099,4,17000000,68000000
Jaime Garcia,2018,2,7446290.864475661,14892581.728951322,1,8000000,8000000
Colby Lewis,2015,2,7394662.638330065,14789325.27666013,1,4000000,4000000
Wade Miley,2019,2,7388212.284976269,14776424.569952538,1,4500000,4500000
Kenley Jansen,2022,2,7368100.958119838,14736201.916239675,1,16000000,16000000
Martin Perez,2019,2,7341204.994233525,14682409.98846705,1,4000000,4000000
Alex Cobb,2018,2,7339749.835613215,14679499.67122643,4,14250000,57000000
Wade Davis,2018,2,7321096.390083615,14642192.78016723,3,17333333,51999999
Chris Archer,2021,2,7313027.262782822,14626054.525565645,1,6500000,6500000
Brett Anderson,2020,2,7281689.49119399,14563378.98238798,1,5000000,5000000
Joe Nathan,2014,2,7268259.25877715,14536518.5175543,2,10000000,20000000
Jason Hammel,2015,2,7265397.084384324,14530794.168768648,2,10000000,20000000
Mark Melancon,2017,2,7090208.9245142285,14180417.849028457,4,15500000,62000000
Andrew Miller,2019,2,6913929.107943159,13827858.215886317,2,12500000,25000000
Anthony DeSclafani,2022,2,6913345.687286612,13826691.374573223,3,12000000,36000000
Kyle Kendrick,2015,2,6861846.592541371,13723693.185082741,1,5500000,5500000
Adam Wainwright,2021,2,6854239.163140067,13708478.326280134,1,8000000,8000000
Jesse Chavez,2017,2,6747267.167972822,13494534.335945643,1,5750000,5750000
Jeurys Familia,2019,2,6703217.262365242,13406434.524730483,3,10000000,30000000
Jhoulys Chacin,2017,2,6588973.186303647,13177946.372607294,1,1750000,1750000
Ervin Santana,2014,2,6502276.678075796,13004553.356151592,1,14100000,14100000
Luis Garcia,2022,2,6497807.912730818,12995615.825461635,2,3500000,7000000
Steven Matz,2022,2,6487534.808218479,12975069.616436958,4,11000000,44000000
Juan Nicasio,2018,2,6486885.198876629,12973770.397753257,2,8500000,17000000
Collin McHugh,2022,2,6461274.906989494,12922549.813978989,2,5000000,10000000
Fernando Rodney,2014,2,6454788.572843662,12909577.145687325,2,7000000,14000000
Brett Anderson,2019,2,6398414.699211738,12796829.398423476,1,1500000,1500000
David Robertson,2019,2,6381051.14355929,12762102.28711858,2,11500000,23000000
Edinson Volquez,2015,2,6352432.147305151,12704864.294610303,2,10000000,20000000
Drew Pomeranz,2019,2,6308099.275962458,12616198.551924916,1,1500000,1500000
David Phelps,2019,2,6274231.34959733,12548462.69919466,1,2500000,2500000
Hiroki Kuroda,2014,1,12500843.664099678,12500843.664099678,1,16000000,16000000
J.A. Happ,2019,1,12487446.21133794,12487446.21133794,2,17000000,34000000
Chad Billingsley,2015,2,6215662.214611878,12431324.429223755,1,1500000,1500000
Doug Fister,2016,2,6215366.506133522,12430733.012267044,1,7000000,7000000
Tim Hudson,2014,2,6174415.908757112,12348831.817514224,2,11500000,23000000
Seunghwan Oh,2018,2,6066420.897612198,12132841.795224397,1,2000000,2000000
Justin Masterson,2015,2,6053342.69744278,12106685.39488556,1,9500000,9500000
Marco Estrada,2016,2,6017531.688061776,12035063.376123551,2,13000000,26000000
Bartolo Colon,2017,1,11824710.19597505,11824710.19597505,1,12500000,12500000
Ryan Madson,2016,2,5896640.935608325,11793281.87121665,3,7333333,21999999
Ryan Tepera,2022,2,5873751.298067272,11747502.596134543,2,7000000,14000000
Kendall Graveman,2022,2,5851920.972137734,11703841.944275469,3,24000000,72000000
Aaron Harang,2015,2,5850051.343011221,11700102.686022442,1,5000000,5000000
Alex Wood,2020,2,5736183.054946003,11472366.109892005,1,4000000,4000000
Michael Wacha,2022,2,5717836.616337566,11435673.232675131,1,7000000,7000000
Aaron Loup,2022,2,5704455.6361447405,11408911.272289481,2,8500000,17000000
Yusmeiro Petit,2018,2,5656875.928836974,11313751.857673949,2,5000000,10000000
Tommy Hunter,2018,2,5598750.611690354,11197501.223380707,2,9000000,18000000
Brett Cecil,2017,2,5567890.867595692,11135781.735191384,4,7625000,30500000
Darren O'Day,2016,2,5561004.36073722,11122008.72147444,4,7750000,31000000
Joakim Soria,2016,2,5548715.177818824,11097430.355637647,3,8333333,24999999
Colby Lewis,2016,2,5469126.016679648,10938252.033359297,1,6000000,6000000
Andrew Chafin,2022,2,5465906.601578945,10931813.20315789,2,6500000,13000000
Martin Perez,2022,2,5401020.90770677,10802041.81541354,1,4000000,4000000
Steve Cishek,2018,2,5341587.67478236,10683175.34956472,2,6500000,13000000
Mike Pelfrey,2014,2,5315553.022117812,10631106.044235624,2,5500000,11000000
Greg Holland,2018,2,5311622.366549409,10623244.733098818,1,14000000,14000000
Luke Gregerson,2015,2,5284880.639116306,10569761.278232612,4,4625000,18500000
Brad Brach,2019,2,5248667.587549426,10497335.175098851,1,3000000,3000000
Trevor May,2021,2,5211876.5312252045,10423753.062450409,2,7750000,15500000
Alex Colome,2021,2,5207602.048296045,10415204.09659209,1,6250000,6250000
Adam Ottavino,2019,2,5186563.0492885485,10373126.098577097,3,8000000,24000000
Rich Hill,2016,2,5184948.698940537,10369897.397881074,1,6000000,6000000
Gavin Floyd,2014,2,5138017.26902268,10276034.53804536,1,4000000,4000000
Bryan Shaw,2018,2,5125270.999405709,10250541.998811418,3,9000000,27000000
Rich Hill,2017,1,10093839.45712896,10093839.45712896,3,16000000,48000000
Andrew Chafin,2021,2,5019543.028836987,10039086.057673974,1,2250000,2250000
Carlos Villanueva,2015,2,4991764.625260828,9983529.250521656,1,2000000,2000000
Sergio Romo,2017,2,4989630.885100428,9979261.770200856,1,3000000,3000000
Brandon Workman,2021,2,4948766.8044800805,9897533.608960161,1,1000000,1000000
Joely Rodriguez,2022,2,4890782.21860216,9781564.43720432,1,2000000,2000000
Yimi Garcia,2022,2,4878692.233507963,9757384.467015926,2,5500000,11000000
Hector Neris,2022,2,4859339.047868853,9718678.095737707,2,8500000,17000000
Travis Wood,2017,2,4856667.575810332,9713335.151620664,2,6000000,12000000
Justin Wilson,2019,2,4856175.652215365,9712351.30443073,2,5000000,10000000
CC Sabathia,2018,1,9549911.18830288,9549911.18830288,1,10000000,10000000
Brandon Morrow,2018,2,4771798.597282056,9543597.194564112,2,10500000,21000000
Colby Lewis,2014,1,9534827.372577932,9534827.372577932,1,2000000,2000000
Shawn Kelley,2016,2,4731533.424673509,9463066.849347018,3,5000000,15000000
Tony Sipp,2016,2,4681217.624577052,9362435.249154104,3,6000000,18000000
Drew Smyly,2020,2,4657691.377093452,9315382.754186904,1,4000000,4000000
Jordan Lyles,2020,2,4623129.048594611,9246258.097189222,2,8000000,16000000
Tyler Clippard,2016,2,4597413.116401734,9194826.232803468,2,6125000,12250000
Antonio Bastardo,2016,2,4563738.80268789,9127477.60537578,2,6000000,12000000
Daniel Hudson,2017,2,4553616.70242631,9107233.40485262,2,5500000,11000000
Charlie Morton,2017,2,4521548.520044151,9043097.040088302,2,7000000,14000000
Brandon Kintzler,2018,2,4472164.562984222,8944329.125968443,2,5000000,10000000
Chris Martin,2020,2,4467145.036971634,8934290.073943269,2,7000000,14000000
Brooks Raley,2022,2,4386415.964572438,8772831.929144876,2,5000000,10000000
Junichi Tazawa,2017,2,4311393.83490758,8622787.66981516,2,6000000,12000000
Oliver Perez,2014,2,4285434.130821571,8570868.261643142,2,2125000,4250000
Pat Neshek,2015,2,4269526.2843445465,8539052.568689093,2,6250000,12500000
Drew Storen,2017,2,4268917.5563217625,8537835.112643525,1,3000000,3000000
Joe Kelly,2019,2,4226792.950605646,8453585.901211292,3,8333333,24999999
Brad Hand,2022,2,4223117.562627285,8446235.12525457,1,6000000,6000000
Jake McGee,2018,2,4215760.010421422,8431520.020842845,3,9000000,27000000
Jake Diekman,2020,2,4145280.280454487,8290560.560908974,2,3750000,7500000
Greg Holland,2019,2,4095248.526949991,8190497.053899982,1,3250000,3250000
Tanner Roark,2020,1,8160930.231398466,8160930.231398466,2,12000000,24000000
David Hernandez,2018,2,4079164.5460078623,8158329.092015725,2,2500000,5000000
Luke Hochevar,2015,2,4062630.49947212,8125260.99894424,2,5000000,10000000
Joe Smith,2014,2,3996837.073104512,7993674.146209024,3,5250000,15750000
Jordan Lyles,2022,2,3961088.851048806,7922177.702097612,1,7000000,7000000
Pedro Baez,2021,2,3954989.798892641,7909979.597785282,2,6250000,12500000
Luis Garcia,2022,2,3946964.8497043857,7893929.6994087715,2,3500000,7000000
Cole Hamels,2020,1,7826596.077943108,7826596.077943108,1,18000000,18000000
Bud Norris,2016,2,3882348.75322088,7764697.50644176,1,2500000,2500000
Zack Britton,2019,2,3880182.881345416,7760365.762690832,3,13000000,39000000
Jake Peavy,2015,1,7693618.260587083,7693618.260587083,2,12000000,24000000
Jose Alvarez,2021,2,3822805.9361348334,7645611.872269667,1,1150000,1150000
Chris Capuano,2014,1,7609158.848228713,7609158.848228713,1,2250000,2250000
Jerry Blevins,2016,2,3768818.047011929,7537636.094023858,1,4000000,4000000
Yusei Kikuchi,2022,1,7522827.807020986,7522827.807020986,3,12000000,36000000
Anibal Sanchez,2019,1,7521168.2409412125,7521168.2409412125,2,9500000,19000000
Jake Diekman,2019,2,3755353.429663423,7510706.859326846,1,2750000,2750000
Jerry Blevins,2017,2,3659451.3176988545,7318902.635397709,1,6500000,6500000
Brett Anderson,2021,1,7245749.02413274,7245749.02413274,1,2500000,2500000
Miguel Gonzalez,2018,1,7240281.37029214,7240281.37029214,1,4750000,4750000
Trevor Cahill,2018,2,3612104.550251573,7224209.100503146,1,1500000,1500000
Aaron Loup,2021,2,3609137.177937052,7218274.355874104,1,3000000,3000000
Trevor Cahill,2019,1,7190491.030532634,7190491.030532634,1,9000000,9000000
Tony Barnette,2018,2,3551914.5320733064,7103829.064146613,1,1500000,1500000
R.A. Dickey,2017,1,7046806.429060959,7046806.429060959,1,8000000,8000000
Juan Oviedo,2014,2,3520511.422458026,7041022.844916052,1,1500000,1500000
Casey Janssen,2015,2,3517418.965892763,7034837.931785526,1,5000000,5000000
CC Sabathia,2019,1,7020064.700977216,7020064.700977216,1,8000000,8000000
Tommy Hunter,2020,2,3498586.7479423624,6997173.495884725,1,875000,875000
Cody Allen,2019,2,3497292.785441276,6994585.570882552,1,8500000,8500000
Gio Gonzalez,2020,1,6986492.334600917,6986492.334600917,1,5000000,5000000
Boone Logan,2017,2,3461729.3376080687,6923458.675216137,1,6500000,6500000
Alex Wood,2021,2,3443310.132499503,6886620.264999006,1,3000000,3000000
Bud Norris,2018,2,3427365.1195643195,6854730.239128639,1,3000000,3000000
Kelvin Herrera,2019,2,3407886.136433543,6815772.272867086,2,9000000,18000000
Wade Miley,2020,1,6808732.462619956,6808732.462619956,2,7500000,15000000
Jonathan Broxton,2016,2,3395280.067457267,6790560.134914534,2,3750000,7500000
Jeff Francis,2014,2,3366943.55180391,6733887.10360782,1,1250000,1250000
Zach Davies,2022,1,6583961.946580897,6583961.946580897,1,1750000,1750000
Burke Badenhop,2015,2,3276504.606695727,6553009.213391454,1,2500000,2500000
Luis Garcia,2022,1,6497807.912730818,6497807.912730818,2,3500000,7000000
Marc Rzepczynski,2017,2,3244278.599695666,6488557.199391332,2,5500000,11000000
Sergio Romo,2015,2,3239982.8680993426,6479965.736198685,2,7500000,15000000
Blake Treinen,2021,2,3225508.039154734,6451016.078309468,2,8750000,17500000
Jon Lester,2021,1,6336583.458961658,6336583.458961658,1,5000000,5000000
Paul Maholm,2014,2,3165953.967401581,6331907.934803162,1,1500000,1500000
Fernando Salas,2017,2,3152342.849948458,6304685.699896916,1,3000000,3000000
Brett Anderson,2017,2,3128132.91688092,6256265.83376184,1,3500000,3500000
Tommy Hunter,2016,2,3106284.8390141004,6212569.678028201,1,2000000,2000000
Ivan Nova,2020,1,6078694.272469405,6078694.272469405,1,1500000,1500000
Joe Smith,2017,2,3029866.6833242252,6059733.3666484505,1,3000000,3000000
Derek Holland,2017,1,6021010.707577326,6021010.707577326,1,6000000,6000000
Manny Parra,2014,2,3001599.6723991283,6003199.344798257,2,2750000,5500000
Kendall Graveman,2021,2,2995271.1544311,5990542.3088622,1,1250000,1250000
Aaron Loup,2019,2,2985762.1197912106,5971524.239582421,1,1400000,1400000
Jeremy Hellickson,2019,2,2956764.100496729,5913528.200993458,1,1300000,1300000
Rich Hill,2021,1,5860097.250495045,5860097.250495045,1,2500000,2500000
Pat Neshek,2018,1,5847711.76850937,5847711.76850937,2,8125000,16250000
Collin McHugh,2021,1,5788904.253361792,5788904.253361792,1,1800000,1800000
Rich Hill,2022,1,5782797.943756106,5782797.943756106,1,5000000,5000000
Zach Duke,2014,2,2890835.456684178,5781670.913368356,1,850000,850000
Michael Pineda,2022,1,5731514.871456995,5731514.871456995,1,5500000,5500000
Craig Stammen,2018,2,2808556.4159515738,5617112.8319031475,2,2250000,4500000
Adam Wainwright,2019,1,5614487.305290814,5614487.305290814,1,2000000,2000000
Ryan Webb,2016,2,2798628.8661742723,5597257.7323485445,1,1000000,1000000
Martin Perez,2020,1,5526129.987054728,5526129.987054728,1,6000000,6000000
Edward Mujica,2014,2,2721446.793365448,5442893.586730896,2,4750000,9500000
Homer Bailey,2020,1,5420795.871106111,5420795.871106111,1,7000000,7000000
Mike Pelfrey,2016,1,5350833.300268119,5350833.300268119,2,8000000,16000000
Bronson Arroyo,2014,1,5329871.259240246,5329871.259240246,2,11750000,23500000
Anibal Sanchez,2018,1,5282065.057156444,5282065.057156444,1,2500000,2500000
J.P. Howell,2014,2,2535450.411873676,5070900.823747352,2,5625000,11250000
Brett Anderson,2015,1,5019971.045618378,5019971.045618378,1,10000000,10000000
Neal Cotts,2015,1,5001832.92086661,5001832.92086661,1,3000000,3000000
Brett Anderson,2016,1,4921574.956644054,4921574.956644054,1,15800000,15800000
Drew Smyly,2022,1,4906872.574730631,4906872.574730631,1,5250000,5250000
Doug Fister,2018,1,4906674.457511255,4906674.457511255,1,4000000,4000000
Garrett Richards,2019,1,4890129.308463303,4890129.308463303,2,7750000,15500000
Julio Teheran,2020,1,4876132.00570548,4876132.00570548,1,9000000,9000000
Adam Wainwright,2020,1,4865746.644401434,4865746.644401434,1,5000000,5000000
Taijuan Walker,2021,1,4830661.644619917,4830661.644619917,2,7666666,15333332
Marco Estrada,2019,1,4805219.6066721985,4805219.6066721985,1,4000000,4000000
Tony Watson,2018,2,2386170.495477399,4772340.990954798,2,4500000,9000000
Derek Holland,2019,1,4763513.277693617,4763513.277693617,1,7000000,7000000
Jason Vargas,2018,1,4741979.539765322,4741979.539765322,2,8000000,16000000
Brandon Morrow,2015,2,2353746.103445631,4707492.206891262,1,2500000,2500000
Francisco Liriano,2018,1,4697274.324113928,4697274.324113928,1,4000000,4000000
Mark Melancon,2021,1,4696300.691267687,4696300.691267687,1,3000000,3000000
Craig Stammen,2020,1,4652222.003196736,4652222.003196736,2,4500000,9000000
Carlos Villanueva,2016,1,4632354.457542144,4632354.457542144,1,1500000,1500000
Michael Lorenzen,2022,1,4625528.993837607,4625528.993837607,1,7000000,7000000
Koji Uehara,2017,1,4607659.638525502,4607659.638525502,1,6000000,6000000
Will Harris,2020,1,4512071.50722931,4512071.50722931,3,8000000,24000000
Yusmeiro Petit,2021,1,4490375.530221978,4490375.530221978,1,2550000,2550000
J.A. Happ,2021,1,4472499.838736216,4472499.838736216,1,8000000,8000000
Drew Smyly,2021,1,4468104.2017936455,4468104.2017936455,1,11000000,11000000
Anthony Bass,2021,1,4446662.0484600915,4446662.0484600915,2,2500000,5000000
Garrett Richards,2022,1,4364431.787038652,4364431.787038652,1,5500000,5500000
Jake Arrieta,2021,1,4319926.120588997,4319926.120588997,1,6000000,6000000
Rich Hill,2020,1,4310354.455183703,4310354.455183703,1,3000000,3000000
Zach Duke,2015,1,4288044.094847103,4288044.094847103,3,5000000,15000000
Chris Archer,2022,1,4283725.611728164,4283725.611728164,1,3500000,3500000
Grant Balfour,2014,1,4242035.3156645605,4242035.3156645605,2,6000000,12000000
Corey Kluber,2022,1,4234516.179370126,4234516.179370126,1,8000000,8000000
Joe Saunders,2014,1,4225391.54057892,4225391.54057892,1,1500000,1500000
Clayton Richard,2017,1,4158796.6027563578,4158796.6027563578,1,1750000,1750000
Alfredo Simon,2016,1,4120106.264084782,4120106.264084782,1,2000000,2000000
Clay Buchholz,2019,1,4106624.229895153,4106624.229895153,1,3000000,3000000
Ryan Vogelsong,2014,1,4093873.547054116,4093873.547054116,1,5000000,5000000
Garrett Richards,2021,1,4079799.4057728113,4079799.4057728113,1,10000000,10000000
Doug Fister,2017,1,4069149.014850268,4069149.014850268,1,4000000,4000000
Chris Martin,2022,1,4060005.921642201,4060005.921642201,1,2500000,2500000
Adam Warren,2019,1,4041236.20053936,4041236.20053936,1,2500000,2500000
Tyler Chatwood,2021,1,3970920.8794775526,3970920.8794775526,1,3000000,3000000
Joe Smith,2018,1,3964174.6617135727,3964174.6617135727,2,7500000,15000000
Chris Tillman,2018,1,3964172.272553382,3964172.272553382,1,3000000,3000000
Brad Ziegler,2017,1,3962366.402820734,3962366.402820734,2,6000000,12000000
Luis Garcia,2022,1,3946964.8497043857,3946964.8497043857,2,3500000,7000000
Daniel Norris,2022,1,3923753.6486630538,3923753.6486630538,1,1750000,1750000
Mark Melancon,2022,1,3919122.1025845967,3919122.1025845967,2,7000000,14000000
Shane Greene,2021,1,3894013.6725105024,3894013.6725105024,1,1500000,1500000
Brad Boxberger,2022,1,3880076.765197418,3880076.765197418,1,2500000,2500000
Corey Knebel,2022,1,3877745.865083069,3877745.865083069,1,10000000,10000000
Fernando Rodney,2018,1,3873428.204611631,3873428.204611631,1,4500000,4500000
Yovani Gallardo,2018,1,3814849.485396837,3814849.485396837,1,2000000,2000000
Vince Velasquez,2022,1,3720479.348351963,3720479.348351963,1,3000000,3000000
Scott Feldman,2017,1,3718530.081940696,3718530.081940696,1,2300000,2300000
Matt Moore,2019,1,3703125.753241284,3703125.753241284,1,2500000,2500000
Mark Lowe,2016,1,3687756.858555096,3687756.858555096,2,5500000,11000000
Matt Harvey,2019,1,3678158.013669554,3678158.013669554,1,11000000,11000000
Jason Grilli,2015,1,3673144.8223464782,3673144.8223464782,2,4000000,8000000
Joe Kelly,2022,1,3672970.5228874474,3672970.5228874474,2,17000000,34000000
Mike Fiers,2021,1,3660763.134493615,3660763.134493615,1,3500000,3500000
Oliver Perez,2019,1,3656562.134300446,3656562.134300446,1,2500000,2500000
Hunter Strickland,2022,1,3631707.382620522,3631707.382620522,1,1825000,1825000
Archie Bradley,2022,1,3624427.867274561,3624427.867274561,1,3750000,3750000
Justin Wilson,2021,1,3613208.1096148863,3613208.1096148863,1,2525000,2525000
Joakim Soria,2021,1,3605089.022703039,3605089.022703039,1,3500000,3500000
Zach Duke,2018,1,3589570.733734923,3589570.733734923,1,2150000,2150000
Tyler Clippard,2021,1,3576172.9007272646,3576172.9007272646,1,2025000,2025000
Roberto Hernandez,2014,1,3574918.6865968076,3574918.6865968076,1,4500000,4500000
Chase Anderson,2021,1,3567660.4238410657,3567660.4238410657,1,4000000,4000000
Alex Colome,2022,1,3552495.794993221,3552495.794993221,1,4100000,4100000
Adam Ottavino,2022,1,3544360.287121144,3544360.287121144,1,4000000,4000000
Jordan Lyles,2019,1,3457418.045660815,3457418.045660815,1,2050000,2050000
Michael Wacha,2021,1,3449388.4080341808,3449388.4080341808,1,3000000,3000000
Jesse Chavez,2019,1,3405239.7444635085,3405239.7444635085,2,4000000,8000000
Brad Brach,2020,1,3394294.7977172784,3394294.7977172784,2,1050000,2100000
Sergio Romo,2021,1,3373635.4341774764,3373635.4341774764,1,2250000,2250000
Joe Blanton,2017,1,3313079.499726608,3313079.499726608,1,4000000,4000000
Jake McGee,2021,1,3292456.349499947,3292456.349499947,2,2500000,5000000
Steve Cishek,2022,1,3269999.5036170054,3269999.5036170054,1,1750000,1750000
Hector Rondon,2020,1,3254393.9105314044,3254393.9105314044,1,3000000,3000000
Joaquin Benoit,2014,1,3243947.093981933,3243947.093981933,2,7750000,15500000
Boone Logan,2018,1,3236024.2039456666,3236024.2039456666,1,2500000,2500000
Tyson Ross,2019,1,3234205.639865909,3234205.639865909,1,5750000,5750000
Greg Holland,2021,1,3227713.9572478854,3227713.9572478854,1,2750000,2750000
Matt Belisle,2015,1,3223733.0779110673,3223733.0779110673,1,3500000,3500000
Mychal Givens,2022,1,3220896.1387291006,3220896.1387291006,1,5000000,5000000
Brian Wilson,2014,1,3185710.4075712827,3185710.4075712827,1,10000000,10000000
Matt Albers,2016,1,3184136.259989245,3184136.259989245,1,2250000,2250000
Tyler Clippard,2020,1,3173692.0425929874,3173692.0425929874,1,2750000,2750000
Daniel Hudson,2022,1,3086390.1231070952,3086390.1231070952,1,7000000,7000000
Francisco Rodriguez,2014,1,3079935.296630983,3079935.296630983,1,3250000,3250000
Chris Capuano,2015,1,3079926.2196997446,3079926.2196997446,1,5000000,5000000
Bruce Chen,2014,1,3072009.718642695,3072009.718642695,1,4250000,4250000
Sean Doolittle,2021,1,3047891.6029325896,3047891.6029325896,1,1500000,1500000
Edwin Jackson,2016,1,3045779.024068335,3045779.024068335,1,507500,507500
Corey Kluber,2021,1,3017454.4592448464,3017454.4592448464,1,11000000,11000000
Trevor Cahill,2017,1,3012530.91921711,3012530.91921711,1,1750000,1750000
Oliver Perez,2016,1,2999895.419484668,2999895.419484668,2,3500000,7000000
Michael Wacha,2020,1,2985932.9281345434,2985932.9281345434,1,3000000,3000000
Jake Diekman,2022,1,2983881.8751194654,2983881.8751194654,2,4000000,8000000
Sergio Romo,2020,1,2981900.2760467785,2981900.2760467785,1,5000000,5000000
Mike Dunn,2017,1,2945364.4403441483,2945364.4403441483,3,6333333,18999999
Drew Pomeranz,2020,1,2939179.464166697,2939179.464166697,4,8500000,34000000
Brian Duensing,2018,1,2924034.0912971115,2924034.0912971115,2,3500000,7000000
Sergio Romo,2019,1,2910416.5106280935,2910416.5106280935,1,2500000,2500000
Gavin Floyd,2016,1,2908425.6350976005,2908425.6350976005,1,1000000,1000000
Chris Young,2015,1,2880946.979134898,2880946.979134898,1,675000,675000
David Phelps,2020,1,2867324.234990309,2867324.234990309,1,1500000,1500000
Trevor Cahill,2016,1,2857053.8577541565,2857053.8577541565,1,4250000,4250000
Brandon Kintzler,2020,1,2855888.4934691675,2855888.4934691675,1,3250000,3250000
Jose Veras,2014,1,2853062.869194212,2853062.869194212,1,4000000,4000000
Keone Kela,2021,1,2850231.9517861144,2850231.9517861144,1,1200000,1200000
Steve Cishek,2020,1,2835939.7856083075,2835939.7856083075,1,6000000,6000000
Matt Belisle,2017,1,2803871.265046209,2803871.265046209,1,2050000,2050000
Javier Lopez,2014,1,2783627.4389958023,2783627.4389958023,3,4333333,12999999
Tom Gorzelanny,2015,1,2774851.1061810474,2774851.1061810474,1,1000000,1000000
Neftali Feliz,2017,1,2771832.7986681857,2771832.7986681857,1,5350000,5350000
Sergio Romo,2018,1,2762020.6979393573,2762020.6979393573,1,2500000,2500000
Matt Albers,2015,1,2759885.4929066864,2759885.4929066864,1,1500000,1500000
Gavin Floyd,2015,1,2740162.3612728487,2740162.3612728487,1,4000000,4000000
Daniel Hudson,2020,1,2724454.340653999,2724454.340653999,2,5500000,11000000
LaTroy Hawkins,2014,1,2722441.2878932543,2722441.2878932543,1,2500000,2500000
Matt Thornton,2014,1,2716016.59156923,2716016.59156923,2,3500000,7000000
Matt Shoemaker,2021,1,2702030.5729434416,2702030.5729434416,1,2000000,2000000
Kendall Graveman,2020,1,2626296.4780386942,2626296.4780386942,1,2000000,2000000
Joe Smith,2022,1,2619823.720796266,2619823.720796266,1,2500000,2500000
David Robertson,2022,1,2617418.6816822784,2617418.6816822784,1,3500000,3500000
Jeurys Familia,2022,1,2602983.3731262055,2602983.3731262055,1,6000000,6000000
Luke Gregerson,2018,1,2586214.3538225046,2586214.3538225046,2,5500000,11000000
Josh Tomlin,2021,1,2580615.326392523,2580615.326392523,1,1250000,1250000
Jason Frasor,2014,1,2568041.035754997,2568041.035754997,1,1750000,1750000
Tony Sipp,2019,1,2528994.095132154,2528994.095132154,1,1250000,1250000
Jim Johnson,2015,1,2500261.3756249114,2500261.3756249114,1,1600000,1600000
Tony Barnette,2019,1,2492582.1250488753,2492582.1250488753,1,750000,750000
Rafael Soriano,2015,1,2477580.786943522,2477580.786943522,1,4100000,4100000
Jered Weaver,2017,1,2464284.242561751,2464284.242561751,1,3000000,3000000
Bryan Shaw,2022,1,2463147.896865698,2463147.896865698,1,3000000,3000000
Pedro Strop,2020,1,2460638.475370319,2460638.475370319,1,1825000,1825000
Darren O'Day,2020,1,2453024.8731405973,2453024.8731405973,1,2750000,2750000
T.J. McFarland,2022,1,2448605.9792305534,2448605.9792305534,1,2500000,2500000
Jamey Wright,2014,1,2447362.30662512,2447362.30662512,1,1800000,1800000
Joe Blanton,2016,1,2437643.381437082,2437643.381437082,1,4000000,4000000
Zach Duke,2019,1,2426202.728653668,2426202.728653668,1,2000000,2000000
Jason Frasor,2015,1,2413528.699039449,2413528.699039449,1,1800000,1800000
Boone Logan,2014,1,2412420.750691517,2412420.750691517,3,5500000,16500000
Jason Motte,2015,1,2403716.506978265,2403716.506978265,1,4500000,4500000
Ryan Vogelsong,2015,1,2353771.833606994,2353771.833606994,1,4000000,4000000
Chris Young,2016,1,2322875.0081893816,2322875.0081893816,2,5750000,11500000
Jhoulys Chacin,2022,1,2317225.583573848,2317225.583573848,1,1250000,1250000
Chad Qualls,2016,1,2305245.2753635016,2305245.2753635016,2,3000000,6000000
Jordan Lyles,2018,1,2292062.144737614,2292062.144737614,1,1000000,1000000
Tim Lincecum,2016,1,2280050.640882024,2280050.640882024,1,2500000,2500000
David Hernandez,2016,1,2266662.149252453,2266662.149252453,1,3900000,3900000
Daisuke Matsuzaka,2014,1,2265041.984036145,2265041.984036145,1,1500000,1500000
Eric O'Flaherty,2014,1,2255731.38408902,2255731.38408902,2,3500000,7000000
Joe Thatcher,2015,1,2252952.205497234,2252952.205497234,1,1000000,1000000
Joaquin Benoit,2017,1,2229354.6954008304,2229354.6954008304,1,7500000,7500000
Jesse Chavez,2018,1,2224285.708586779,2224285.708586779,1,1000000,1000000
Darren O'Day,2021,1,2203364.631192729,2203364.631192729,2,1575000,3150000
Trevor Cahill,2021,1,2178643.770973516,2178643.770973516,1,1500000,1500000
David Phelps,2021,1,2169936.7908128053,2169936.7908128053,1,1750000,1750000
Tim Stauffer,2015,1,2162877.6399611295,2162877.6399611295,1,2200000,2200000
Brian Duensing,2017,1,2154466.0475360453,2154466.0475360453,1,2000000,2000000
Sean Doolittle,2022,1,2127301.127726635,2127301.127726635,1,1500000,1500000
J.P. Howell,2017,1,2114454.5370783466,2114454.5370783466,1,3000000,3000000
Yoshihisa Hirano,2020,1,2110593.367152463,2110593.367152463,1,1600000,1600000
Scott Downs,2014,1,2105968.1649541045,2105968.1649541045,1,4000000,4000000
Santiago Casilla,2017,1,2077438.150627683,2077438.150627683,2,5500000,11000000
Kyuji Fujikawa,2015,1,1997405.8639165023,1997405.8639165023,1,1100000,1100000
Joba Chamberlain,2015,1,1934007.820089864,1934007.820089864,1,1000000,1000000
Matt Albers,2018,1,1933436.6441218827,1933436.6441218827,2,2500000,5000000
Frank Francisco,2014,1,1917956.7436211817,1917956.7436211817,1,1000000,1000000
Peter Moylan,2018,1,1909396.6901734036,1909396.6901734036,1,575000,575000
Dustin McGowan,2017,1,1883713.575175647,1883713.575175647,1,1750000,1750000
Chad Qualls,2014,1,1874573.2367668152,1874573.2367668152,2,3000000,6000000
Fernando Rodney,2016,1,1867542.0651543732,1867542.0651543732,1,2000000,2000000
Francisco Rodriguez,2015,1,1866539.0044140215,1866539.0044140215,2,6500000,13000000
Andrew Bailey,2017,1,1861742.5786968437,1861742.5786968437,1,1000000,1000000
Ryan Vogelsong,2016,1,1848178.1533325035,1848178.1533325035,1,2000000,2000000
Joba Chamberlain,2014,1,1833230.0172485048,1833230.0172485048,1,2500000,2500000
Craig Breslow,2015,1,1833089.0018174832,1833089.0018174832,1,2000000,2000000
Heath Hembree,2022,1,1805818.451630527,1805818.451630527,1,2125000,2125000
Sergio Romo,2022,1,1798565.0943199166,1798565.0943199166,1,2000000,2000000
Phil Coke,2015,1,1776584.2386855425,1776584.2386855425,1,2250000,2250000
Jason Motte,2016,1,1683101.4115169195,1683101.4115169195,2,5000000,10000000
Franklin Morales,2015,1,1672122.0925392322,1672122.0925392322,1,1850000,1850000
Ian Kennedy,2022,1,1665541.4249856798,1665541.4249856798,1,4750000,4750000
Shawn Kelley,2019,1,1663878.8447048557,1663878.8447048557,1,2750000,2750000
Roberto Hernandez,2015,1,1617423.2171251352,1617423.2171251352,1,1250000,1250000
Dustin McGowan,2015,1,1580930.0676745777,1580930.0676745777,1,507500,507500
Fernando Rodney,2017,1,1558441.2672953757,1558441.2672953757,1,2500000,2500000
Kyle Farnsworth,2014,1,1546605.497175705,1546605.497175705,1,1000000,1000000
Matt Albers,2014,1,1488354.0478372904,1488354.0478372904,1,2450000,2450000
Carlos Marmol,2014,1,1361263.5303743295,1361263.5303743295,1,1250000,1250000
Kevin Gregg,2015,1,1278970.4299669785,1278970.4299669785,1,1500000,1500000
Joe Beimel,2015,1,1212732.5885258238,1212732.5885258238,1,600000,600000
